timestamp,open,high,low,close,volume
2024-01-01,100.49671415301123,101.50168129454134,99.49174701148111,100.49671415301123,10000
2024-01-02,100.35844985184005,101.36203435035846,99.35486535332164,100.35844985184005,10000
2024-01-03,101.00613838994074,102.01619977384016,99.99607700604133,101.00613838994074,10000
2024-01-04,102.52916824634876,103.55445992881225,101.50387656388527,102.52916824634876,10000
2024-01-05,102.29501487162543,103.31796502034169,101.27206472290916,102.29501487162543,10000
2024-01-06,102.06087791467625,103.08148669382302,101.04026913552948,102.06087791467625,10000
2024-01-07,103.64009073018364,104.67649163748548,102.6036898228818,103.64009073018364,10000
2024-01-08,104.40752545933655,105.45160071392992,103.36345020474319,104.40752545933655,10000
2024-01-09,103.9380510734016,104.97743158413562,102.89867056266758,103.9380510734016,10000
2024-01-10,104.48061111698756,105.52541722815744,103.43580500581768,104.48061111698756,10000
2024-01-11,104.0171934241751,105.05736535841686,102.97702148993335,104.0171934241751,10000
2024-01-12,103.55146367060485,104.5869783073109,102.51594903389879,103.55146367060485,10000
2024-01-13,103.79342594217087,104.83136020159257,102.75549168274917,103.79342594217087,10000
2024-01-14,101.88014569751307,102.8989471544882,100.86134424053795,101.88014569751307,10000
2024-01-15,100.15522786500004,101.15678014365004,99.15367558635005,100.15522786500004,10000
2024-01-16,99.59294033575907,100.58886973911666,98.59701093240147,99.59294033575907,10000
2024-01-17,98.58010921542466,99.5659103075789,97.59430812327041,98.58010921542466,10000
2024-01-18,98.89435654801993,99.88330011350013,97.90541298253973,98.89435654801993,10000
2024-01-19,97.98633247249872,98.9661957972237,97.00646914777373,97.98633247249872,10000
2024-01-20,96.57402877116343,97.53976905887507,95.60828848345179,96.57402877116343,10000
2024-01-21,98.03967754008498,99.02007431548583,97.05928076468413,98.03967754008498,10000
2024-01-22,97.81390123959844,98.79204025199442,96.83576222720245,97.81390123959844,10000
2024-01-23,97.88142944428637,98.86024373872924,96.9026151498435,97.88142944428637,10000
2024-01-24,96.4566812580729,97.42124807065363,95.49211444549218,96.4566812580729,10000
2024-01-25,95.91229853354773,96.87142151888321,94.95317554821224,95.91229853354773,10000
2024-01-26,96.02322112325758,96.98345333449016,95.062988912025,96.02322112325758,10000
2024-01-27,94.87222754583529,95.82094982129364,93.92350527037694,94.87222754583529,10000
2024-01-28,95.24792556418096,96.20040481982277,94.29544630853916,95.24792556418096,10000
2024-01-29,94.64728687426215,95.59375974300477,93.70081400551953,94.64728687426215,10000
2024-01-30,94.35559312446888,95.29914905571357,93.4120371932242,94.35559312446888,10000
2024-01-31,93.75388651223948,94.69142537736187,92.81634764711708,93.75388651223948,10000
2024-02-01,95.60616469674842,96.5622263437159,94.65010304978094,95.60616469674842,10000
2024-02-02,95.59266747201049,96.5485941467306,94.63674079729039,95.59266747201049,10000
2024-02-03,94.53495654305459,95.48030610848514,93.58960697762404,94.53495654305459,10000
2024-02-04,95.35750145515777,96.31107646970935,94.4039264406062,95.35750145515777,10000
2024-02-05,94.13665780518676,95.07802438323863,93.19529122713489,94.13665780518676,10000
2024-02-06,94.3455214001915,95.28897661419342,93.40206618618959,94.3455214001915,10000
2024-02-07,92.38585127631173,93.30970978907484,91.46199276354861,92.38585127631173,10000
2024-02-08,91.05766522741331,91.96824187968744,90.14708857513918,91.05766522741331,10000
2024-02-09,91.25452646328243,92.16707172791526,90.3419811986496,91.25452646328243,10000
2024-02-10,91.99299304327783,92.91292297371061,91.07306311284506,91.99299304327783,10000
2024-02-11,92.1643613244678,93.08600493771249,91.24271771122312,92.1643613244678,10000
2024-02-12,92.04871304207957,92.96920017250036,91.12822591165877,92.04871304207957,10000
2024-02-13,91.74760934649028,92.66508543995518,90.83013325302538,91.74760934649028,10000
2024-02-14,90.26908735612285,91.17177822968408,89.36639648256163,90.26908735612285,10000
2024-02-15,89.54924314772813,90.44473557920541,88.65375071625085,89.54924314772813,10000
2024-02-16,89.08860437676836,89.97949042053604,88.19771833300068,89.08860437676836,10000
2024-02-17,90.14572660298727,91.04718386901715,89.24426933695739,90.14572660298727,10000
2024-02-18,90.48934489255574,91.3942383414813,89.58445144363017,90.48934489255574,10000
2024-02-19,88.72630473719299,89.61356778456492,87.83904168982106,88.72630473719299,10000
2024-02-20,89.0503887065878,89.94089259365367,88.15988481952192,89.0503887065878,10000
2024-02-21,88.66530642617147,89.55195949043319,87.77865336190975,88.66530642617147,10000
2024-02-22,87.98838442586552,88.86826827012418,87.10850058160686,87.98838442586552,10000
2024-02-23,88.60006071470639,89.48606132185346,87.71406010755932,88.60006071470639,10000
2024-02-24,89.63106023720233,90.52737083957436,88.73474963483031,89.63106023720233,10000
2024-02-25,90.56234035631853,91.46796375988171,89.65671695275535,90.56234035631853,10000
2024-02-26,89.7231228330959,90.62035406142687,88.82589160476493,89.7231228330959,10000
2024-02-27,89.41391045724468,90.30804956181713,88.51977135267224,89.41391045724468,10000
2024-02-28,89.74517388864824,90.64262562753473,88.84772214976175,89.74517388864824,10000
2024-02-29,90.7207190157706,91.6279262059283,89.81351182561289,90.7207190157706,10000
2024-03-01,90.24154477792531,91.14396022570456,89.33912933014606,90.24154477792531,10000
2024-03-02,90.0558858012615,90.95644465927411,89.15532694324888,90.0558858012615,10000
2024-03-03,88.94955082725546,89.83904633552802,88.0600553189829,88.94955082725546,10000
2024-03-04,87.7533442031748,88.63087764520655,86.87581076114306,87.7533442031748,10000
2024-03-05,88.565870025569,89.45152872582469,87.68021132531331,88.565870025569,10000
2024-03-06,89.92211005413982,90.82133115468122,89.02288895359843,89.92211005413982,10000
2024-03-07,89.85009993255949,90.74860093188508,88.9515989332339,89.85009993255949,10000
2024-03-08,90.85363283045152,91.76216915875604,89.945096502147,90.85363283045152,10000
2024-03-09,91.21526885549915,92.12742154405414,90.30311616694415,91.21526885549915,10000
2024-03-10,90.57014910089401,91.47585059190295,89.66444760988507,90.57014910089401,10000
2024-03-11,90.93154470640243,91.84086015346647,90.0222292593384,90.93154470640243,10000
2024-03-12,92.4695812728684,93.39427708559708,91.54488546013971,92.4695812728684,10000
2024-03-13,92.43375523375845,93.35809278609604,91.50941768142086,92.43375523375845,10000
2024-03-14,93.99839888957246,94.93838287846818,93.05841490067674,93.99839888957246,10000
2024-03-15,91.37865378548271,92.29244032333754,90.46486724762788,91.37865378548271,10000
2024-03-16,92.20055628985793,93.1225618527565,91.27855072695935,92.20055628985793,10000
2024-03-17,92.2876033580961,93.21047939167707,91.36472732451514,92.2876033580961,10000
2024-03-18,91.98859600763024,92.90848196770654,91.06871004755394,91.98859600763024,10000
2024-03-19,92.08035678416574,93.0011603520074,91.15955321632408,92.08035678416574,10000
2024-03-20,90.09278786956484,90.9937157482605,89.19185999086919,90.09278786956484,10000
2024-03-21,89.87311598172734,90.77184714154461,88.97438482191006,89.87311598172734,10000
2024-03-22,90.23022855323909,91.13253083877147,89.3279262677067,90.23022855323909,10000
2024-03-23,91.7081225979806,92.6252038239604,90.7910413720008,91.7081225979806,10000
2024-03-24,91.18985237970695,92.10175090350401,90.27795385590989,91.18985237970695,10000
2024-03-25,90.38135877681377,91.28517236458191,89.47754518904563,90.38135877681377,10000
2024-03-26,89.87960173322922,90.77839775056151,88.98080571589693,89.87960173322922,10000
2024-03-27,90.7950038509313,91.70295388944061,89.88705381242198,90.7950038509313,10000
2024-03-28,91.12375496059099,92.0349925101969,90.21251741098507,91.12375496059099,10000
2024-03-29,90.59399475682395,91.49993470439219,89.6880548092557,90.59399475682395,10000
2024-03-30,91.1072621899373,92.01833481183668,90.19618956803792,91.1072621899373,10000
2024-03-31,91.20433973928534,92.1163831366782,90.2922963418925,91.20433973928534,10000
2024-04-01,92.17298472981824,93.09471457711642,91.25125488252006,92.17298472981824,10000
2024-04-02,91.47093163594087,92.38564095230028,90.55622231958147,91.47093163594087,10000
2024-04-03,91.14326948934311,92.05470218423655,90.23183679444968,91.14326948934311,10000
2024-04-04,90.75116133621096,91.65867294957306,89.84364972284885,90.75116133621096,10000
2024-04-05,89.28764638807883,90.18052285195961,88.39476992419804,89.28764638807883,10000
2024-04-06,89.58376666514341,90.47960433179485,88.68792899849198,89.58376666514341,10000
2024-04-07,89.8448219373233,90.74327015669654,88.94637371795007,89.8448219373233,10000
2024-04-08,89.84993539396577,90.74843474790542,88.95143604002611,89.84993539396577,10000
2024-04-09,89.61534826059061,90.51150174319652,88.7191947779847,89.61534826059061,10000
2024-04-10,88.1999775185402,89.0819772937256,87.31797774335479,88.1999775185402,10000
2024-04-11,87.77933219577484,88.6571255177326,86.90153887381709,87.77933219577484,10000
2024-04-12,87.43661767924807,88.31098385604055,86.5622515024556,87.43661767924807,10000
2024-04-13,86.63434041002645,87.50068381412672,85.76799700592619,86.63434041002645,10000
2024-04-14,86.47305469836044,87.33778524534405,85.60832415137683,86.47305469836044,10000
2024-04-15,86.87710555517498,87.74587661072673,86.00833449962323,86.87710555517498,10000
2024-04-16,88.7632914563855,89.65092437094935,87.87565854182165,88.7632914563855,10000
2024-04-17,88.93786926921734,89.82724796190952,88.04849057652517,88.93786926921734,10000
2024-04-18,89.19541965994011,90.08737385653951,88.30346546334071,89.19541965994011,10000
2024-04-19,89.12097374417394,90.01218348161568,88.2297640067322,89.12097374417394,10000
2024-04-20,87.2022025288749,88.07422455416365,86.33018050358616,87.2022025288749,10000
2024-04-21,87.17568865342568,88.04744553995994,86.30393176689142,87.17568865342568,10000
2024-04-22,87.23591886336672,88.10827805200039,86.36355967473305,87.23591886336672,10000
2024-04-23,89.699160975852,90.59615258561051,88.80216936609348,89.699160975852,10000
2024-04-24,89.50680001107088,90.40186801118159,88.61173201096017,89.50680001107088,10000
2024-04-25,89.80834735340449,90.70643082693853,88.91026387987044,89.80834735340449,10000
2024-04-26,89.77363558369925,90.67137193953624,88.87589922786225,89.77363558369925,10000
2024-04-27,88.60495754607972,89.49100712154052,87.71890797061891,88.60495754607972,10000
2024-04-28,89.74778036059473,90.64525816420068,88.85030255698878,89.74778036059473,10000
2024-04-29,90.49971339328151,91.40471052721432,89.5947162593487,90.49971339328151,10000
2024-04-30,91.29074534032455,92.2036527937278,90.3778378869213,91.29074534032455,10000
2024-05-01,90.38135788552981,91.2851714643851,89.47754430667452,90.38135788552981,10000
2024-05-02,91.78415219646591,92.70199371843057,90.86631067450125,91.78415219646591,10000
2024-05-03,90.38230113367364,91.28612414501038,89.4784781223369,90.38230113367364,10000
2024-05-04,90.96915822747391,91.87884980974866,90.05946664519917,90.96915822747391,10000
2024-05-05,93.15961385328389,94.09120999181673,92.22801771475105,93.15961385328389,10000
2024-05-06,92.1690775281532,93.09076830343473,91.24738675287166,92.1690775281532,10000
2024-05-07,91.60277979855042,92.51880759653592,90.68675200056491,91.60277979855042,10000
2024-05-08,91.70243116363807,92.61945547527445,90.78540685200169,91.70243116363807,10000
2024-05-09,91.19895550952187,92.11094506461708,90.28696595442665,91.19895550952187,10000
2024-05-10,89.64829207845574,90.5447749992403,88.75180915767118,89.64829207845574,10000
2024-05-11,89.71685505326175,90.61402360379437,88.81968650272914,89.71685505326175,10000
2024-05-12,88.65455133953566,89.54109685293102,87.7680058261403,88.65455133953566,10000
2024-05-13,89.12814377017084,90.01942520787254,88.23686233246913,89.12814377017084,10000
2024-05-14,88.20871953593704,89.09080673129641,87.32663234057766,88.20871953593704,10000
2024-05-15,89.75865394095457,90.65624048036412,88.86106740154503,89.75865394095457,10000
2024-05-16,88.97540064861833,89.86515465510452,88.08564664213215,88.97540064861833,10000
2024-05-17,88.65333913241265,89.53987252373678,87.76680574108853,88.65333913241265,10000
2024-05-18,89.46685634978233,90.36152491328016,88.5721877862845,89.46685634978233,10000
2024-05-19,88.23599203334837,89.11835195368185,87.35363211301488,88.23599203334837,10000
2024-05-20,88.46345196795251,89.34808648763203,87.57881744827299,88.46345196795251,10000
2024-05-21,89.77059472223493,90.66830066945728,88.87288877501258,89.77059472223493,10000
2024-05-22,88.1631114876737,89.04474260255044,87.28148037279696,88.1631114876737,10000
2024-05-23,88.34774534620601,89.23122279966807,87.46426789274395,88.34774534620601,10000
2024-05-24,88.60762814045444,89.49370442185898,87.7215518590499,88.60762814045444,10000
2024-05-25,89.38945101223175,90.28334552235407,88.49555650210942,89.38945101223175,10000
2024-05-26,88.15250030135365,89.03402530436719,87.27097529834012,88.15250030135365,10000
2024-05-27,86.83204368826938,87.70036412515208,85.96372325138668,86.83204368826938,10000
2024-05-28,87.35398525388628,88.22752510642515,86.48044540134741,87.35398525388628,10000
2024-05-29,87.65096992711946,88.52747962639066,86.77446022784827,87.65096992711946,10000
2024-05-30,87.90146277746534,88.78047740523999,87.02244814969069,87.90146277746534,10000
2024-05-31,88.24791098696232,89.13039009683195,87.3654318770927,88.24791098696232,10000
2024-06-01,87.56788626538383,88.44356512803768,86.69220740272999,87.56788626538383,10000
2024-06-02,87.80013996254483,88.67814136217028,86.92213856291939,87.80013996254483,10000
2024-06-03,88.09321243584351,88.97414456020195,87.21228031148507,88.09321243584351,10000
2024-06-04,87.37886101781714,88.25264962799531,86.50507240763898,87.37886101781714,10000
2024-06-05,89.2446355289619,90.13708188425151,88.35218917367227,89.2446355289619,10000
2024-06-06,89.71846844987368,90.61565313437242,88.82128376537494,89.71846844987368,10000
2024-06-07,88.52716495267104,89.41243660219776,87.64189330314433,88.52716495267104,10000
2024-06-08,89.18371856130487,90.07555574691793,88.29188137569182,89.18371856130487,10000
2024-06-09,88.20903689107755,89.09112725998833,87.32694652216676,88.20903689107755,10000
2024-06-10,88.99612149482,89.8860827097682,88.1061602798718,88.99612149482,10000
2024-06-11,90.1547170738274,91.05626424456567,89.25316990308913,90.1547170738274,10000
2024-06-12,89.3340347554757,90.22737510303045,88.44069440792094,89.3340347554757,10000
2024-06-13,90.29741088472001,91.20038499356721,89.3944367758728,90.29741088472001,10000
2024-06-14,90.71019181165651,91.61729372977308,89.80308989353995,90.71019181165651,10000
2024-06-15,91.53225197165101,92.44757449136752,90.6169294519345,91.53225197165101,10000
2024-06-16,93.42904495430494,94.363335403848,92.49475450476189,93.42904495430494,10000
2024-06-17,93.18365683830208,94.1154934066851,92.25182026991907,93.18365683830208,10000
2024-06-18,92.4299206739446,93.35421988068404,91.50562146720515,92.4299206739446,10000
2024-06-19,91.54040624431906,92.45581030676225,90.62500218187587,91.54040624431906,10000
2024-06-20,90.72459595935362,91.63184191894716,89.81734999976008,90.72459595935362,10000
2024-06-21,90.64749424993953,91.55396919243893,89.74101930744013,90.64749424993953,10000
2024-06-22,90.98864622475617,91.89853268700372,90.07875976250861,90.98864622475617,10000
2024-06-23,91.2653370240862,92.17799039432705,90.35268365384533,91.2653370240862,10000
2024-06-24,92.0925202731222,93.01344547585343,91.17159507039098,92.0925202731222,10000
2024-06-25,92.10552216500011,93.02657738665012,91.1844669433501,92.10552216500011,10000
2024-06-26,93.55905624215744,94.49464680457902,92.62346567973586,93.55905624215744,10000
2024-06-27,93.29439940891947,94.22734340300867,92.36145541483027,93.29439940891947,10000
2024-06-28,96.0145685755091,96.9747142612642,95.05442288975401,96.0145685755091,10000
2024-06-29,96.6402359232741,97.60663828250685,95.67383356404136,96.6402359232741,10000
2024-06-30,95.78307836685782,96.7409091505264,94.82524758318924,95.78307836685782,10000
2024-07-01,94.71218586879671,95.65930772748467,93.76506401010874,94.71218586879671,10000
2024-07-02,95.19465828403989,96.1466048668803,94.24271170119948,95.19465828403989,10000
2024-07-03,94.97119549871404,95.92090745370118,94.0214835437269,94.97119549871404,10000
2024-07-04,95.68519599280613,96.64204795273419,94.72834403287807,95.68519599280613,10000
2024-07-05,96.15843361737967,97.12001795355347,95.19684928120587,96.15843361737967,10000
2024-07-06,96.08560470472281,97.04646075177004,95.12474865767558,96.08560470472281,10000
2024-07-07,95.2388109866544,96.19119909652095,94.28642287678785,95.2388109866544,10000
2024-07-08,93.72396376196853,94.66120339958822,92.78672412434885,93.72396376196853,10000
2024-07-09,93.27744880990151,94.21022329800053,92.3446743218025,93.27744880990151,10000
2024-07-10,94.13384760422498,95.07518608026723,93.19250912818273,94.13384760422498,10000
2024-07-11,94.34794134835519,95.29142076183875,93.40446193487163,94.34794134835519,10000
2024-07-12,93.1022025696432,94.03322459533963,92.17118054394676,93.1022025696432,10000
2024-07-13,93.27538349549438,94.20813733044933,92.34262966053943,93.27538349549438,10000
2024-07-14,93.66070087522323,94.59730788397546,92.724093866471,93.66070087522323,10000
2024-07-15,92.77684343902209,93.7046118734123,91.84907500463187,92.77684343902209,10000
2024-07-16,92.93056854496761,93.85987423041729,92.00126285951794,92.93056854496761,10000
2024-07-17,92.98877726341361,93.91866503604774,92.05888949077948,92.98877726341361,10000
2024-07-18,91.845806965583,92.76426503523882,90.92734889592717,91.845806965583,10000
